entry_time,exit_time,module,symbol,dir,entry,sl,tp,exit,bars_held,status,r,weight,weighted_r,backfill
2026-05-20 14:30:00,2026-05-20 18:30:00,GOLD_NY_ORB_TREND,XAUUSD,1,4524.73,4467.04,4582.419999999999,4539.67,48,timeout,0.24014672906917325,1.0,0.24014672906917325,1
2026-05-21 14:15:00,2026-05-21 17:15:00,SWEEP_ES_DIV,NASDAQ100,1,29101.86,29022.41171308416,29340.204860747526,29340.204860747526,12,tp,2.934066107610994,2.0,5.868132215221988,1
2026-05-21 17:10:00,2026-05-21 22:10:00,GOLD_NY_ORB_TREND,XAUUSD,1,4526.06,4488.7,4563.420000000001,4541.78,48,timeout,0.39169554603852025,1.0,0.39169554603852025,1
2026-05-22 09:15:00,2026-05-22 10:15:00,SWEEP_ES_DIV,NASDAQ100,1,29419.57,29399.863744633072,29478.688766100782,29399.863744633072,4,sl,-1.2687229258627866,2.0,-2.537445851725573,1
2026-05-22 19:25:00,2026-05-24 22:00:00,NQ_ORB_STRONG_TREND,NASDAQ100,-1,29474.7,29562.59,29342.865,29562.59,19,sl,-1.0603646148594839,1.0,-1.0603646148594839,1
2026-05-26 14:55:00,2026-05-26 15:45:00,NQ_ORB_STRONG_TREND,NASDAQ100,-1,29979.8,30043.3,29884.55,29884.55,10,tp,1.4150178897637795,1.0,1.4150178897637795,1
2026-05-27 13:45:00,2026-05-27 14:15:00,SWEEP_ES_DIV,NASDAQ100,1,29990.19,29852.769045090357,30402.452864728923,29852.769045090357,2,sl,-1.0392824675359702,2.0,-2.0785649350719404,1
2026-05-28 14:55:00,2026-05-28 16:20:00,NQ_ORB_STRONG_TREND,NASDAQ100,1,30111.94,30032.95,30230.424999999996,30230.424999999996,17,tp,1.431381830611468,1.0,1.431381830611468,1
2026-05-28 15:00:00,2026-05-28 19:00:00,GOLD_NY_ORB_TREND,XAUUSD,1,4474.91,4418.2,4531.62,4501.67,48,timeout,0.4529363710104074,1.0,0.4529363710104074,1
2026-06-05 14:35:00,2026-06-05 18:35:00,GOLD_NY_ORB_TREND,XAUUSD,-1,4348.48,4409.4,4287.5599999999995,4320.24,48,timeout,0.44642752462245155,1.0,0.44642752462245155,1
2026-06-05 15:00:00,2026-06-05 15:35:00,NQ_ORB_STRONG_TREND,NASDAQ100,-1,29766.06,29877.83,29598.405,29598.405,7,tp,1.4520632477409128,1.0,1.4520632477409128,1
2026-06-09 14:35:00,2026-06-09 16:35:00,GOLD_NY_ORB_TREND,XAUUSD,-1,4305.19,4363.58,4246.799999999999,4246.799999999999,24,tp,0.9823044082890907,1.0,0.9823044082890907,1
2026-06-09 14:45:00,2026-06-09 16:15:00,NQ_ORB_STRONG_TREND,NASDAQ100,-1,29077.03,29447.51,28521.309999999998,28521.309999999998,18,tp,1.485872745087459,1.0,1.485872745087459,1
2026-06-10 14:45:00,2026-06-10 15:15:00,NQ_ORB_STRONG_TREND,NASDAQ100,-1,29002.9,29213.13,28687.555,28687.555,6,tp,1.4751675688531694,1.0,1.4751675688531694,1
2026-06-11 08:50:00,2026-06-11 12:50:00,GBP_LONDON_STRONG_TREND,GBPUSD,-1,1.33613,1.33915,1.3316,1.33603,48,timeout,-0.04652430463576489,0.25,-0.011631076158941222,1
2026-06-12 06:30:00,2026-06-12 06:45:00,SWEEP_ES_DIV,NASDAQ100,1,29359.77,29331.651198143096,29444.126405570714,29331.651198143096,1,sl,-1.187943946790262,2.0,-2.375887893580524,1
2026-06-15 22:15:00,2026-06-16 08:15:00,SWEEP_CORE_AVOID_MID_VWAP,NASDAQ100,1,30464.87,30424.773143423718,30567.54,30567.54,40,tp,2.4237890871847223,1.0,2.4237890871847223,1
2026-06-16 13:30:00,2026-06-16 14:15:00,SWEEP_ES_DIV,NASDAQ100,1,30497.76,30419.45852307501,30732.664430774967,30419.45852307501,3,sl,-1.070108470690264,2.0,-2.140216941380528,1
2026-06-16 14:30:00,2026-06-16 15:55:00,GOLD_NY_ORB_TREND,XAUUSD,-1,4317.59,4340.56,4294.62,4340.56,17,sl,-1.045111954723552,1.0,-1.045111954723552,1
2026-06-16 14:45:00,2026-06-16 15:15:00,SWEEP_ES_DIV,NASDAQ100,1,30274.73,30221.723077081147,30433.750768756556,30221.723077081147,2,sl,-1.1028064090485412,2.0,-2.2056128180970824,1
2026-06-16 15:20:00,2026-06-16 19:20:00,NQ_ORB_STRONG_TREND,NASDAQ100,-1,30235.6,30388.34,30006.489999999998,30096.55,48,timeout,0.8747387193924177,1.0,0.8747387193924177,1
2026-06-16 16:05:00,2026-06-16 20:05:00,GOLD_NY_ORB_TREND,XAUUSD,1,4341.85,4317.63,4366.070000000001,4332.16,48,timeout,-0.4431066886870519,1.0,-0.4431066886870519,1
2026-06-17 15:55:00,2026-06-17 18:00:00,GOLD_NY_ORB_TREND,XAUUSD,1,4363.45,4332.54,4394.36,4332.54,25,sl,-1.033879909414429,1.0,-1.033879909414429,1
2026-06-17 18:00:00,2026-06-17 18:30:00,GOLD_NY_ORB_TREND,XAUUSD,-1,4316.62,4362.07,4271.17,4271.17,6,tp,0.9772059669966996,1.0,0.9772059669966996,1
2026-06-17 18:40:00,2026-06-17 18:55:00,NQ_ORB_STRONG_TREND,NASDAQ100,1,30184.09,30044.53,30393.43,30044.53,3,sl,-1.0389304686156489,1.0,-1.0389304686156489,1
2026-06-18 07:20:00,2026-06-18 08:55:00,GBP_LONDON_STRONG_TREND,GBPUSD,-1,1.32955,1.33247,1.32517,1.32517,19,tp,1.4180414383561653,0.25,0.3545103595890413,1
2026-06-19 03:45:00,2026-06-19 04:00:00,SWEEP_ES_DIV,NASDAQ100,1,30198.67,30177.922586942364,30260.9122391729,30177.922586942364,1,sl,-1.2619970299381476,2.0,-2.523994059876295,0
2026-06-22 14:50:00,2026-06-22 18:50:00,NQ_ORB_STRONG_TREND,NASDAQ100,-1,30265.4,30444.19,29997.215000000004,30266.67,48,timeout,-0.03757353319535155,1.0,-0.03757353319535155,0
2026-06-23 13:45:00,2026-06-23 14:00:00,SWEEP_CORE_AVOID_MID_VWAP,NASDAQ100,-1,29619.59,29644.509572583585,29443.34,29644.509572583585,1,sl,-1.213949343718356,1.0,-1.213949343718356,0
2026-06-23 14:15:00,2026-06-23 18:45:00,SWEEP_CORE_AVOID_MID_VWAP,NASDAQ100,-1,29684.4,29768.129491156255,29307.48,29307.48,18,tp,4.437824748111489,1.0,4.437824748111489,0
2026-06-23 20:15:00,2026-06-24 01:00:00,GOLD_NY_ORB_TREND,XAUUSD,-1,4109.73,4144.94,4074.5199999999995,4074.5199999999995,45,tp,0.9719870718545868,1.0,0.9719870718545868,0
2026-06-24 17:55:00,2026-06-24 22:55:00,GOLD_NY_ORB_TREND,XAUUSD,-1,3972.67,4041.87,3903.4700000000003,3996.33,48,timeout,-0.3556855606936405,1.0,-0.3556855606936405,0
2026-06-24 20:45:00,2026-06-25 07:15:00,SWEEP_ES_DIV,NASDAQ100,-1,29785.02,29876.882842236668,29509.43147329,29876.882842236668,39,sl,-1.0583620479125566,2.0,-2.1167240958251132,0
2026-06-25 08:15:00,2026-06-25 11:25:00,GBP_LONDON_STRONG_TREND,GBPUSD,1,1.3188,1.31581,1.323285,1.31581,38,sl,-1.079392642140467,0.25,-0.26984816053511673,0
2026-06-25 14:50:00,2026-06-25 15:10:00,NQ_ORB_STRONG_TREND,NASDAQ100,1,29465.01,29263.47,29767.319999999992,29263.47,4,sl,-1.0263158767490328,1.0,-1.0263158767490328,0
2026-06-25 15:10:00,2026-06-25 15:45:00,NQ_ORB_STRONG_TREND,NASDAQ100,-1,29230.7,29410.64,28960.79,29410.64,7,sl,-1.0292404468156053,1.0,-1.0292404468156053,0
2026-06-25 15:20:00,2026-06-25 19:20:00,GOLD_NY_ORB_TREND,XAUUSD,1,4037.81,3999.09,4076.5299999999997,4039.07,48,timeout,0.007513574380170963,1.0,0.007513574380170963,0
2026-06-26 15:40:00,2026-06-26 19:40:00,GOLD_NY_ORB_TREND,XAUUSD,1,4094.96,4044.94,4144.98,4068.62,48,timeout,-0.5462373130747732,1.0,-0.5462373130747732,0
2026-06-30 12:30:00,2026-06-30 13:30:00,SWEEP_ES_DIV,NASDAQ100,1,29772.22,29718.088949620713,29934.613151137866,29934.613151137866,4,tp,2.9009995268436457,2.0,5.801999053687291,0
2026-06-30 14:45:00,2026-06-30 15:50:00,NQ_ORB_STRONG_TREND,NASDAQ100,-1,30078.46,30166.55,29946.324999999997,30166.55,13,sl,-1.0614612646157338,1.0,-1.0614612646157338,0
2026-06-30 15:50:00,2026-06-30 19:50:00,NQ_ORB_STRONG_TREND,NASDAQ100,1,30192.91,30097.72,30335.695,30301.35,48,timeout,1.0821018615400788,1.0,1.0821018615400788,0
2026-07-01 06:15:00,2026-07-01 07:00:00,SWEEP_ES_DIV,NASDAQ100,1,30128.54,30090.734635795274,30241.956092614182,30090.734635795274,3,sl,-1.1434488812389725,2.0,-2.286897762477945,0
2026-07-01 14:30:00,2026-07-01 18:30:00,GOLD_NY_ORB_TREND,XAUUSD,1,4111.09,4041.74,4180.4400000000005,4064.83,48,timeout,-0.6812784657534243,1.0,-0.6812784657534243,0
2026-07-02 14:50:00,2026-07-02 17:00:00,NQ_ORB_STRONG_TREND,NASDAQ100,-1,29513.98,29750.48,29159.23,29159.23,26,tp,1.4775369285412263,1.0,1.4775369285412263,0
2026-07-06 14:40:00,2026-07-06 15:25:00,GOLD_NY_ORB_TREND,XAUUSD,-1,4130.12,4150.32,4109.92,4150.32,9,sl,-1.0490707326732678,1.0,-1.0490707326732678,0
2026-07-07 05:00:00,2026-07-08 08:00:00,CAND_BTC_ABSORPTION,BTCUSDT,1,63128.01,62367.782569613184,64648.46486077364,62367.782569613184,27,sl,-1.0996459861510852,0.0,-0.0,0
2026-07-07 15:05:00,2026-07-07 16:20:00,NQ_ORB_STRONG_TREND,NASDAQ100,1,29091.82,28974.24,29268.189999999995,29268.189999999995,15,tp,1.4554641299540576,1.0,1.4554641299540576,0
2026-07-07 15:50:00,2026-07-07 19:50:00,CAND_SP500_ORB,SP500,1,7496.2,7478.0,7523.5,7503.6,48,timeout,0.3324551648351981,0.0,0.0,0
2026-07-08 14:35:00,2026-07-08 18:35:00,GOLD_NY_ORB_TREND,XAUUSD,-1,4043.04,4080.2,4005.88,4075.12,48,timeout,-0.889406071044135,1.0,-0.889406071044135,0
2026-07-08 14:45:00,2026-07-08 16:40:00,NQ_ORB_STRONG_TREND,NASDAQ100,-1,28944.97,29107.6,28701.025000000005,29107.6,23,sl,-1.0320364914222473,1.0,-1.0320364914222473,0
2026-07-08 18:45:00,2026-07-08 23:45:00,GOLD_NY_ORB_TREND,XAUUSD,1,4090.65,4051.46,4129.84,4072.6,48,timeout,-0.4856278642510884,1.0,-0.4856278642510884,0
2026-07-09 01:00:00,2026-07-09 07:00:00,CAND_BTC_ABSORPTION,BTCUSDT,-1,61916.0,63031.6820883982,59684.6358232036,63031.6820883982,6,sl,-1.066595314895368,0.0,-0.0,0
2026-07-09 17:45:00,2026-07-09 22:45:00,GOLD_NY_ORB_TREND,XAUUSD,1,4136.11,4114.2,4158.0199999999995,4122.4,48,timeout,-0.6710482154267519,1.0,-0.6710482154267519,0
2026-07-10 11:15:00,2026-07-10 13:30:00,SWEEP_CORE_AVOID_MID_VWAP,NASDAQ100,-1,29641.89,29685.134440533493,29509.38,29685.134440533493,9,sl,-1.1233809510350243,1.0,-1.1233809510350243,0
2026-07-10 15:20:00,2026-07-10 19:20:00,CAND_SP500_ORB,SP500,1,7556.2,7507.2,7629.7,7575.2,48,timeout,0.35999763265306123,0.0,0.0,0
2026-07-12 00:00:00,2026-07-13 01:00:00,CAND_BTC_ABSORPTION,BTCUSDT,1,63828.47,63481.19395077684,64523.02209844632,63481.19395077684,25,sl,-1.2205570011848996,0.0,-0.0,0
2026-07-13 08:15:00,2026-07-13 09:15:00,SWEEP_CORE_AVOID_MID_VWAP,NASDAQ100,-1,29513.1,29542.451377784546,29336.991733292714,29542.451377784546,4,sl,-1.1809917762292168,1.0,-1.1809917762292168,0
2026-07-14 05:00:00,2026-07-14 12:00:00,CAND_BTC_ABSORPTION,BTCUSDT,-1,62737.0,63191.67703678681,61827.64592642638,63191.67703678681,7,sl,-1.165577748399244,0.0,-0.0,0
2026-07-15 16:00:00,2026-07-15 18:20:00,NQ_ORB_STRONG_TREND,NASDAQ100,-1,29330.47,29534.94,29023.765000000007,29534.94,28,sl,-1.0258203384359568,1.0,-1.0258203384359568,0
2026-07-16 01:00:00,2026-07-16 08:00:00,CAND_BTC_ABSORPTION,BTCUSDT,1,64730.01,64055.49108212658,66079.04783574684,64055.49108212658,7,sl,-1.1151576478312748,0.0,-0.0,0
2026-07-16 07:15:00,2026-07-16 10:55:00,EUR_LONDON_FADE_EMA,EURUSD,1,1.14709,1.14598,1.148755,1.14598,44,sl,-1.1446780180180252,1.0,-1.1446780180180252,0
2026-07-16 10:55:00,2026-07-16 14:40:00,EUR_LONDON_FADE_EMA,EURUSD,-1,1.14596,1.14706,1.1443100000000004,1.1443100000000004,45,tp,1.3541505454544285,1.0,1.3541505454544285,0
2026-07-17 00:00:00,2026-07-17 05:00:00,CAND_BTC_ABSORPTION,BTCUSDT,1,63886.0,63293.72413836816,65070.55172326368,63293.72413836816,5,sl,-1.1294383326525876,0.0,-0.0,0
2026-07-17 10:30:00,2026-07-17 13:30:00,SWEEP_CORE_AVOID_MID_VWAP,NASDAQ100,-1,28611.21,28650.529311708477,28367.6,28367.6,12,tp,6.064703878033226,1.0,6.064703878033226,0
2026-07-17 14:50:00,2026-07-17 15:55:00,CAND_SP500_ORB,SP500,-1,7479.0,7492.6,7458.599999999999,7492.6,13,sl,-1.0989867647058797,0.0,-0.0,0
2026-07-17 14:50:00,2026-07-17 15:55:00,NQ_ORB_STRONG_TREND,NASDAQ100,-1,28579.72,28714.08,28378.18,28714.08,13,sl,-1.0382878058946112,1.0,-1.0382878058946112,0
2026-07-19 10:00:00,2026-07-19 12:00:00,CAND_BTC_ABSORPTION,BTCUSDT,1,64595.0,64313.99373735844,65157.01252528312,64313.99373735844,2,sl,-1.275844386069337,0.0,-0.0,0
2026-07-20 15:00:00,2026-07-20 19:00:00,SWEEP_CORE_AVOID_MID_VWAP,NASDAQ100,1,28769.88,28679.426329428476,29014.47,28679.426329428476,16,sl,-1.0572511692149087,1.0,-1.0572511692149087,0
2026-07-22 15:00:00,2026-07-22 19:00:00,NQ_ORB_STRONG_TREND,NASDAQ100,1,29103.54,29007.75,29247.225000000002,29081.23,48,timeout,-0.2875940828896655,1.0,-0.2875940828896655,0
2026-07-22 19:55:00,2026-07-23 00:50:00,NQ_ORB_STRONG_TREND,NASDAQ100,-1,28989.91,29092.9,28835.424999999996,29092.9,47,sl,-1.050666897757063,1.0,-1.050666897757063,0
2026-07-23 05:00:00,2026-07-23 12:00:00,CAND_BTC_ABSORPTION,BTCUSDT,1,65691.01,65288.992162186696,66495.04567562659,65288.992162186696,7,sl,-1.196083866399503,0.0,-0.0,0
2026-07-23 14:50:00,2026-07-23 18:50:00,NQ_ORB_STRONG_TREND,NASDAQ100,-1,28422.84,28612.07,28138.995000000003,28369.96,48,timeout,0.2524118205358618,1.0,0.2524118205358618,0
2026-07-23 14:50:00,2026-07-23 18:50:00,CAND_SP500_ORB,SP500,-1,7402.6,7427.7,7364.950000000001,7389.0,48,timeout,0.4887462948207422,0.0,0.0,0
2026-07-23 20:30:00,2026-07-24 03:45:00,SWEEP_CORE_AVOID_MID_VWAP,NASDAQ100,-1,28568.01,28633.42325962514,28321.4,28321.4,25,tp,3.691419134037374,1.0,3.691419134037374,0
2026-07-24 14:55:00,2026-07-24 18:40:00,NQ_ORB_STRONG_TREND,NASDAQ100,1,28291.41,28106.43,28568.879999999997,28106.43,45,sl,-1.0275297534868635,1.0,-1.0275297534868635,0
2026-07-25 15:00:00,2026-07-25 18:00:00,CAND_BTC_ABSORPTION,BTCUSDT,-1,64182.0,64433.11283332571,63679.774333348585,64433.11283332571,3,sl,-1.306708338956547,0.0,-0.0,0
2026-07-26 01:00:00,2026-07-26 14:00:00,CAND_BTC_ABSORPTION,BTCUSDT,-1,64462.0,64678.356278347936,64029.28744330413,64678.356278347936,13,sl,-1.3575324949692549,0.0,-0.0,0
2026-07-27 11:30:00,2026-07-27 12:00:00,SWEEP_CORE_AVOID_MID_VWAP,NASDAQ100,1,28507.96,28480.257055619964,28598.19,28480.257055619964,2,sl,-1.1852305924455515,1.0,-1.1852305924455515,0
2026-07-27 14:50:00,2026-07-27 18:50:00,NQ_ORB_STRONG_TREND,NASDAQ100,1,27947.38,27783.95,28192.525,27994.75,48,timeout,0.2590679287768397,1.0,0.2590679287768397,0
2026-07-27 14:50:00,2026-07-27 15:35:00,CAND_SP500_ORB,SP500,1,7407.1,7386.4,7438.1500000000015,7386.4,9,sl,-1.064409565217389,0.0,-0.0,0
2026-07-27 17:00:00,2026-07-27 18:50:00,CAND_SP500_ORB,SP500,-1,7383.0,7406.4,7347.900000000001,7406.4,22,sl,-1.0567923076923085,0.0,-0.0,0
2026-07-29 08:00:00,2026-07-29 20:00:00,CAND_BTC_ABSORPTION,BTCUSDT,-1,64417.31,64910.60838131383,63430.71323737233,63430.71323737233,12,tp,1.8432981438250016,0.0,0.0,0
2026-07-29 15:50:00,2026-07-29 17:00:00,NQ_ORB_STRONG_TREND,NASDAQ100,-1,27349.15,27507.78,27111.205000000005,27507.78,14,sl,-1.0310335182500163,1.0,-1.0310335182500163,0
2026-07-29 15:50:00,2026-07-29 17:00:00,CAND_SP500_ORB,SP500,-1,7355.8,7379.2,7320.700000000001,7379.2,14,sl,-1.0565830769230777,0.0,-0.0,0
2026-07-29 17:00:00,2026-07-29 18:00:00,CAND_SP500_ORB,SP500,1,7379.4,7359.0,7409.999999999999,7409.999999999999,12,tp,1.4348876470588223,0.0,0.0,0
2026-07-30 14:45:00,2026-07-30 16:15:00,CAND_SP500_ORB,SP500,-1,7392.2,7411.4,7363.4,7411.4,18,sl,-1.0693018750000007,0.0,-0.0,0
2026-07-30 14:50:00,2026-07-30 18:50:00,NQ_ORB_STRONG_TREND,NASDAQ100,-1,27935.57,28111.06,27672.335,28035.49,48,timeout,-0.5980306718331582,1.0,-0.5980306718331582,0
2026-07-31 14:45:00,2026-07-31 15:30:00,CAND_SP500_ORB,SP500,1,7445.5,7422.0,7480.75,7422.0,9,sl,-1.0570293617021276,0.0,-0.0,0
2026-08-02 05:00:00,2026-08-03 06:00:00,CAND_BTC_ABSORPTION,BTCUSDT,-1,63453.27,63835.928269277494,62687.953461445,62687.953461445,25,tp,1.8010132535649408,0.0,0.0,0
2026-08-03 14:55:00,2026-08-03 17:25:00,CAND_SP500_ORB,SP500,1,7577.1,7566.3,7593.300000000001,7593.300000000001,30,tp,1.3737150000000442,0.0,0.0,0
2026-08-03 16:15:00,2026-08-03 20:15:00,CAND_NQ_DUAL_THRUST,NASDAQ100,1,28722.28,28396.278,29211.283,28809.4,48,timeout,0.2513787939951366,0.0,0.0,0
2026-08-03 16:30:00,2026-08-03 16:45:00,CAND_SWEEP_US30,US30,1,52985.0,52958.38964221552,53144.66214670686,52958.38964221552,1,sl,-2.0194646843803508,0.0,-0.0,0
2026-08-03 17:00:00,2026-08-03 20:00:00,CAND_SWEEP_US30,US30,1,52971.0,52916.13316088992,53233.0,53233.0,12,tp,4.280888999797484,0.0,0.0,0
2026-08-04 14:45:00,2026-08-04 15:45:00,CAND_SP500_ORB,SP500,1,7683.4,7665.3,7710.549999999999,7710.549999999999,12,tp,1.423590497237592,0.0,0.0,0
2026-08-04 15:00:00,2026-08-04 15:45:00,NQ_ORB_STRONG_TREND,NASDAQ100,1,29463.6,29396.13,29564.804999999993,29564.804999999993,9,tp,1.4213954646509261,1.0,1.4213954646509261,0
2026-08-04 17:00:00,2026-08-04 22:00:00,CAND_NQ_DUAL_THRUST,NASDAQ100,1,29661.01,29238.273,30295.115499999993,29676.59,48,timeout,0.024225507111991167,0.0,0.0,0
2026-08-05 10:00:00,2026-08-05 14:00:00,GBP_LONDON_STRONG_TREND,GBPUSD,1,1.34681,1.34437,1.35047,1.34725,48,timeout,0.08097303278688366,0.25,0.020243258196720914,0
2026-08-06 13:00:00,2026-08-09 22:00:00,CAND_BTC_ABSORPTION,BTCUSDT,1,64434.01,63941.62122480375,65418.78755039251,65418.78755039251,81,tp,1.84296796374129,0.0,0.0,0
2026-08-07 07:00:00,2026-08-07 09:00:00,EUR_LONDON_FADE_EMA,EURUSD,-1,1.1519300000000001,1.15251,1.1510600000000004,1.15251,24,sl,-1.2780520689656116,1.0,-1.2780520689656116,0
2026-08-07 09:10:00,2026-08-07 12:30:00,EUR_LONDON_FADE_EMA,EURUSD,1,1.15282,1.15195,1.1541249999999998,1.1541249999999998,40,tp,1.3144887356321682,1.0,1.3144887356321682,0
2026-08-07 14:00:00,2026-08-07 14:15:00,CAND_SWEEP_SP500,SP500,1,7719.0,7714.649612721016,7751.7,7751.7,1,tp,7.19719371910958,0.0,0.0,0
2026-08-07 16:15:00,2026-08-09 22:00:00,CAND_SWEEP_JAP225,JAP225,1,65855.0,65771.83005402546,66341.0,66341.0,19,tp,5.66925822152537,0.0,0.0,0
2026-08-10 00:00:00,2026-08-10 13:00:00,CAND_BTC_ABSORPTION,BTCUSDT,1,64968.01,64668.546200179226,65566.93759964156,64668.546200179226,13,sl,-1.2603373497786998,0.0,-0.0,0
2026-08-10 00:00:00,2026-08-10 13:15:00,CAND_SWEEP_US30,US30,1,53926.0,53869.587545495626,54077.0,53869.587545495626,53,sl,-1.4894329141069216,0.0,-0.0,0
2026-08-10 12:45:00,2026-08-10 13:30:00,CAND_SWEEP_JAP225,JAP225,1,67019.0,66925.343581424,67217.0,66925.343581424,3,sl,-1.157428398653044,0.0,-0.0,0
2026-08-10 14:45:00,2026-08-10 14:50:00,CAND_SP500_ORB,SP500,1,7770.0,7762.8,7780.799999999999,7762.8,1,sl,-1.194250000000005,0.0,-0.0,0
2026-08-10 14:50:00,2026-08-10 16:30:00,CAND_SP500_ORB,SP500,-1,7759.6,7767.8,7747.300000000001,7747.300000000001,20,tp,1.3296673170731115,0.0,0.0,0
2026-08-11 10:00:00,2026-08-11 12:00:00,CAND_BTC_ABSORPTION,BTCUSDT,-1,64233.23,64489.69995570013,63720.290088599744,64489.69995570013,2,sl,-1.3005415421450905,0.0,-0.0,0
2026-08-11 12:00:00,2026-08-11 15:00:00,CAND_BTC_ABSORPTION,BTCUSDT,-1,64330.01,64696.312869965936,63597.404260068135,63597.404260068135,3,tp,1.7892563276744753,0.0,0.0,0
2026-08-11 16:15:00,2026-08-11 17:00:00,CAND_SWEEP_JAP225,JAP225,1,67089.0,67010.56266193849,67402.74935224606,67010.56266193849,3,sl,-1.1881703327109958,0.0,-0.0,0
2026-08-12 08:40:00,2026-08-12 12:30:00,EUR_LONDON_FADE_EMA,EURUSD,1,1.15398,1.15319,1.1551650000000002,1.1551650000000002,46,tp,1.2954972151900317,1.0,1.2954972151900317,0
2026-08-12 12:00:00,2026-08-13 16:00:00,CAND_BTC_ABSORPTION,BTCUSDT,-1,64119.71,64719.96645678601,62919.19708642798,62919.19708642798,28,tp,1.8718153696971722,0.0,0.0,0
2026-08-13 14:45:00,2026-08-13 18:45:00,CAND_SP500_ORB,SP500,-1,7797.8,7815.0,7772.0,7798.7,48,timeout,-0.13393046511625933,0.0,-0.0,0
2026-08-13 14:45:00,2026-08-13 15:35:00,NQ_ORB_STRONG_TREND,NASDAQ100,-1,30110.83,30159.77,30037.420000000006,30037.420000000006,10,tp,1.389253179403311,1.0,1.389253179403311,0
2026-08-13 15:50:00,2026-08-13 19:50:00,CAND_NQ_DUAL_THRUST,NASDAQ100,-1,30014.65,30227.231,29695.778500000004,30085.62,48,timeout,-0.35926370183599726,0.0,-0.0,0
2026-08-13 19:45:00,2026-08-13 20:15:00,CAND_SWEEP_JAP225,JAP225,1,69134.0,69062.96175751845,69335.0,69062.96175751845,2,sl,-1.2141027067772803,0.0,-0.0,0
2026-08-13 20:15:00,2026-08-13 23:30:00,CAND_SWEEP_JAP225,JAP225,1,69089.0,69037.54228071745,69294.83087713021,69294.83087713021,9,tp,3.7046200217980982,0.0,0.0,0
2026-08-14 07:00:00,2026-08-14 11:00:00,GBP_LONDON_STRONG_TREND,GBPUSD,1,1.3506,1.34883,1.353255,1.35283,48,timeout,1.1225378531072874,0.25,0.28063446327682184,0
2026-08-14 14:55:00,2026-08-14 17:35:00,CAND_SP500_ORB,SP500,-1,7786.5,7794.3,7774.799999999999,7774.799999999999,32,tp,1.320311538461601,0.0,0.0,0
2026-08-14 20:00:00,2026-08-16 22:00:00,SWEEP_CORE_AVOID_MID_VWAP,NASDAQ100,-1,30034.1,30061.625762927495,29954.46,30061.625762927495,4,sl,-1.1964028395594297,1.0,-1.1964028395594297,0
2026-08-15 22:00:00,2026-08-16 16:00:00,CAND_BTC_ABSORPTION,BTCUSDT,-1,63135.52,63272.44687627211,62861.666247455774,63272.44687627211,18,sl,-1.5533071816334938,0.0,-0.0,0
2026-08-17 05:00:00,2026-08-17 11:00:00,CAND_BTC_ABSORPTION,BTCUSDT,-1,63520.18,63755.733243343806,63049.07351331239,63755.733243343806,6,sl,-1.3235965462328432,0.0,-0.0,0
2026-08-17 15:15:00,2026-08-17 15:40:00,CAND_SP500_ORB,SP500,1,7775.8,7768.0,7787.5,7768.0,5,sl,-1.1794415384615342,0.0,-0.0,0
2026-08-19 06:00:00,2026-08-19 13:00:00,CAND_BTC_ABSORPTION,BTCUSDT,1,64339.8,63989.13360492291,65041.132790154195,65041.132790154195,7,tp,1.7798256089437217,0.0,0.0,0
2026-08-19 14:50:00,2026-08-19 18:50:00,NQ_ORB_STRONG_TREND,NASDAQ100,1,29503.7,29377.49,29693.015,29456.32,48,timeout,-0.41748408208542415,1.0,-0.41748408208542415,0
2026-08-20 07:30:00,2026-08-20 10:10:00,GBP_LONDON_STRONG_TREND,GBPUSD,1,1.36199,1.3594300000000001,1.3658299999999999,1.3658299999999999,32,tp,1.4042350781249961,0.25,0.35105876953124904,0
2026-08-20 15:00:00,2026-08-21 02:15:00,CAND_SWEEP_JAP225,JAP225,-1,65781.0,65991.40080097957,64840.0,65991.40080097957,41,sl,-1.0687821525993408,0.0,-0.0,0
2026-08-21 08:40:00,2026-08-21 12:35:00,EUR_LONDON_FADE_EMA,EURUSD,1,1.17037,1.16877,1.1727699999999996,1.16877,47,sl,-1.1024073750000112,1.0,-1.1024073750000112,0
2026-08-21 08:40:00,2026-08-21 12:35:00,GBP_LONDON_STRONG_TREND,GBPUSD,1,1.36568,1.36365,1.368725,1.36365,47,sl,-1.1210947783251246,0.25,-0.28027369458128115,0
2026-08-21 13:30:00,2026-08-21 13:45:00,CAND_SWEEP_SP500,SP500,1,7665.9,7659.325429652376,7683.9,7659.325429652376,1,sl,-1.2098786577740157,0.0,-0.0,0
2026-08-21 14:45:00,2026-08-21 15:30:00,NQ_ORB_STRONG_TREND,NASDAQ100,1,29230.85,29179.04,29308.564999999995,29308.564999999995,9,tp,1.3984452229299318,1.0,1.3984452229299318,0
2026-08-23 22:15:00,2026-08-23 23:45:00,CAND_SWEEP_UK100,UK100,1,10798.4,10793.826255274229,10816.694978903082,10816.694978903082,6,tp,3.7190464975538227,0.0,0.0,0
2026-08-24 07:10:00,2026-08-24 11:10:00,EUR_LONDON_FADE_EMA,EURUSD,-1,1.16731,1.16846,1.165585,1.16639,48,timeout,0.6578926956522105,1.0,0.6578926956522105,0
2026-08-24 07:40:00,2026-08-24 11:40:00,GBP_LONDON_STRONG_TREND,GBPUSD,-1,1.36333,1.36559,1.3599399999999997,1.36344,48,timeout,-0.15725637168142956,0.25,-0.03931409292035739,0
2026-08-24 14:45:00,2026-08-24 18:45:00,CAND_NQ_DUAL_THRUST,NASDAQ100,1,29029.06,28860.897999999997,29281.303000000007,29099.54,48,timeout,0.3880470570045435,0.0,0.0,0
2026-08-25 07:15:00,2026-08-25 11:15:00,GBP_LONDON_STRONG_TREND,GBPUSD,1,1.36438,1.36216,1.3677099999999998,1.36294,48,timeout,-0.7592740540540407,0.25,-0.18981851351351017,0
2026-08-25 15:25:00,2026-08-25 19:25:00,CAND_SP500_ORB,SP500,1,7669.3,7646.8,7703.05,7667.7,48,timeout,-0.13246551111112728,0.0,-0.0,0
2026-08-25 21:00:00,2026-08-28 01:00:00,CAND_BTC_ABSORPTION,BTCUSDT,1,78570.0,77181.59900309764,81346.80199380472,81346.80199380472,52,tp,1.9320916650086282,0.0,0.0,0
2026-08-25 23:45:00,2026-08-26 01:00:00,CAND_SWEEP_UK100,UK100,1,10890.1,10882.743078442867,10907.0,10907.0,5,tp,2.12100645342206,0.0,0.0,0
2026-08-27 08:20:00,2026-08-27 10:00:00,EUR_LONDON_FADE_EMA,EURUSD,-1,1.16514,1.16593,1.1639550000000003,1.1639550000000003,20,tp,1.2935194936708458,1.0,1.2935194936708458,0
2026-08-27 18:45:00,2026-08-27 19:45:00,CAND_SWEEP_FRA40,FRA40,-1,8332.1,8334.950015815004,8320.699936739986,8334.950015815004,4,sl,-1.5466996680500904,0.0,-0.0,0
2026-08-27 19:45:00,2026-08-28 06:00:00,CAND_SWEEP_FRA40,FRA40,-1,8334.4,8337.364691188368,8322.541235246526,8337.364691188368,1,sl,-1.5256981928218225,0.0,-0.0,0
2026-08-28 05:00:00,2026-08-28 10:00:00,CAND_BTC_ABSORPTION,BTCUSDT,1,79686.0,79060.48134779291,80937.03730441417,79060.48134779291,5,sl,-1.1528702616022752,0.0,-0.0,0
2026-08-28 10:00:00,2026-08-28 14:00:00,CAND_BTC_ABSORPTION,BTCUSDT,1,79565.89,78541.89736286605,81613.8752742679,78541.89736286605,4,sl,-1.093241947781222,0.0,-0.0,0
2026-08-28 14:00:00,2026-08-28 16:00:00,CAND_BTC_ABSORPTION,BTCUSDT,1,79542.44,77911.93892442777,82803.44215114447,77911.93892442777,2,sl,-1.058540855587293,0.0,-0.0,0
